<?xml version="1.0"?>
<doc>
    <assembly>
        <name>MediaTek86</name>
    </assembly>
    <members>
        <member name="T:MediaTek86.bddmanager.BddManager">
            <summary>
            Singleton : connexion à la base de données et exécution des requêtes
            </summary>
        </member>
        <member name="F:MediaTek86.bddmanager.BddManager.instance">
            <summary>
            instance unique de la classe
            </summary>
        </member>
        <member name="F:MediaTek86.bddmanager.BddManager.connection">
            <summary>
            objet de connexion à la BDD à partir d'une chaîne de connexion
            </summary>
        </member>
        <member name="M:MediaTek86.bddmanager.BddManager.#ctor(System.String)">
            <summary>
            Constructeur pour créer la connexion à la BDD et l'ouvrir
            </summary>
            <param name="stringConnect">chaine de connexion</param>
        </member>
        <member name="M:MediaTek86.bddmanager.BddManager.GetInstance(System.String)">
            <summary>
            Création d'une seule instance de la classe
            </summary>
            <param name="stringConnect">chaine de connexion</param>
            <returns>instance unique de la classe</returns>
        </member>
        <member name="M:MediaTek86.bddmanager.BddManager.ReqUpdate(System.String,System.Collections.Generic.Dictionary{System.String,System.Object})">
            <summary>
            Exécution d'une requête autre que "select"
            </summary>
            <param name="stringQuery">requête autre que select</param>
            <param name="parameters">dictionnaire contenant les parametres</param>
        </member>
        <member name="M:MediaTek86.bddmanager.BddManager.ReqSelect(System.String,System.Collections.Generic.Dictionary{System.String,System.Object})">
            <summary>
            Execution d'une requête de type "select"
            </summary>
            <param name="stringQuery">requête select</param>
            <param name="parameters">dictionnaire contenant les parametres</param>
            <returns>liste de tableaux d'objets contenant les valeurs des colonnes</returns>
        </member>
        <member name="T:MediaTek86.dal.Access">
            <summary>
            Singleton : classe d'accès à BddManager
            </summary>
        </member>
        <member name="F:MediaTek86.dal.Access.connectionString">
            <summary>
            chaine de connexion à la bdd
            </summary>
        </member>
        <member name="F:MediaTek86.dal.Access.instance">
            <summary>
            instance unique de la classe
            </summary>
        </member>
        <member name="P:MediaTek86.dal.Access.Manager">
            <summary>
            Getter sur l'objet d'accès aux données
            </summary>
        </member>
        <member name="M:MediaTek86.dal.Access.#ctor">
            <summary>
            Création unique de l'objet de type BddManager
            Arrête le programme si l'accès à la BDD a échoué
            </summary>
        </member>
        <member name="M:MediaTek86.dal.Access.GetInstance">
            <summary>
            Création d'une seule instance de la classe
            </summary>
            <returns></returns>
        </member>
        <member name="M:MediaTek86.model.absence.#ctor(System.DateTime,System.DateTime)">
            <summary>
            Valorise les propriétés
            </summary>
            <param name="datedebut"></param>
            <param name="datefin"></param>
        </member>
        <member name="M:MediaTek86.model.motif.#ctor(System.Int32,System.String)">
            <summary>
            Valorise les propriétés
            </summary>
            <param name="idmotif"></param>
            <param name="libelle"></param>
        </member>
        <member name="M:MediaTek86.model.personnel.#ctor(System.Int32,System.String,System.String,System.String,System.String)">
            <summary>
            Valorise les propriétés
            </summary>
            <param name="idpersonnel"></param>
            <param name="nom"></param>
            <param name="prenom"></param>
            <param name="tel"></param>
            <param name="mail"></param>
        </member>
        <member name="T:MediaTek86.model.Admin">
            <summary>
            Classe métier interne pour mémoriser les informations d'authentification
            </summary>
        </member>
        <member name="M:MediaTek86.model.Admin.#ctor(System.String,System.String)">
            <summary>
            Valorise les propriétés
            </summary>
            <param name="login"></param>
            <param name="pwd"></param>
        </member>
        <member name="M:MediaTek86.model.service.#ctor(System.Int32,System.String)">
            <summary>
            Valorise les propriétés
            </summary>
            <param name="idservice"></param>
            <param name="nom"></param>
        </member>
        <member name="F:MediaTek86.view.AjoutAbsence.components">
            <summary>
            Required designer variable.
            </summary>
        </member>
        <member name="M:MediaTek86.view.AjoutAbsence.Dispose(System.Boolean)">
            <summary>
            Clean up any resources being used.
            </summary>
            <param name="disposing">true if managed resources should be disposed; otherwise, false.</param>
        </member>
        <member name="M:MediaTek86.view.AjoutAbsence.InitializeComponent">
            <summary>
            Required method for Designer support - do not modify
            the contents of this method with the code editor.
            </summary>
        </member>
        <member name="F:MediaTek86.view.AjoutModifPersonnel.components">
            <summary>
            Required designer variable.
            </summary>
        </member>
        <member name="M:MediaTek86.view.AjoutModifPersonnel.Dispose(System.Boolean)">
            <summary>
            Clean up any resources being used.
            </summary>
            <param name="disposing">true if managed resources should be disposed; otherwise, false.</param>
        </member>
        <member name="M:MediaTek86.view.AjoutModifPersonnel.InitializeComponent">
            <summary>
            Required method for Designer support - do not modify
            the contents of this method with the code editor.
            </summary>
        </member>
        <member name="F:MediaTek86.view.AvertissementChampsNonRemplis.components">
            <summary>
            Required designer variable.
            </summary>
        </member>
        <member name="M:MediaTek86.view.AvertissementChampsNonRemplis.Dispose(System.Boolean)">
            <summary>
            Clean up any resources being used.
            </summary>
            <param name="disposing">true if managed resources should be disposed; otherwise, false.</param>
        </member>
        <member name="M:MediaTek86.view.AvertissementChampsNonRemplis.InitializeComponent">
            <summary>
            Required method for Designer support - do not modify
            the contents of this method with the code editor.
            </summary>
        </member>
        <member name="F:MediaTek86.view.Connexion.components">
            <summary>
            Required designer variable.
            </summary>
        </member>
        <member name="M:MediaTek86.view.Connexion.Dispose(System.Boolean)">
            <summary>
            Clean up any resources being used.
            </summary>
            <param name="disposing">true if managed resources should be disposed; otherwise, false.</param>
        </member>
        <member name="M:MediaTek86.view.Connexion.InitializeComponent">
            <summary>
            Required method for Designer support - do not modify
            the contents of this method with the code editor.
            </summary>
        </member>
        <member name="F:MediaTek86.view.GestionAbsences.components">
            <summary>
            Required designer variable.
            </summary>
        </member>
        <member name="M:MediaTek86.view.GestionAbsences.Dispose(System.Boolean)">
            <summary>
            Clean up any resources being used.
            </summary>
            <param name="disposing">true if managed resources should be disposed; otherwise, false.</param>
        </member>
        <member name="M:MediaTek86.view.GestionAbsences.InitializeComponent">
            <summary>
            Required method for Designer support - do not modify
            the contents of this method with the code editor.
            </summary>
        </member>
        <member name="F:MediaTek86.view.ModifPersAvertissement.components">
            <summary>
            Required designer variable.
            </summary>
        </member>
        <member name="M:MediaTek86.view.ModifPersAvertissement.Dispose(System.Boolean)">
            <summary>
            Clean up any resources being used.
            </summary>
            <param name="disposing">true if managed resources should be disposed; otherwise, false.</param>
        </member>
        <member name="M:MediaTek86.view.ModifPersAvertissement.InitializeComponent">
            <summary>
            Required method for Designer support - do not modify
            the contents of this method with the code editor.
            </summary>
        </member>
        <member name="F:MediaTek86.view.SupprPers.components">
            <summary>
            Required designer variable.
            </summary>
        </member>
        <member name="M:MediaTek86.view.SupprPers.Dispose(System.Boolean)">
            <summary>
            Clean up any resources being used.
            </summary>
            <param name="disposing">true if managed resources should be disposed; otherwise, false.</param>
        </member>
        <member name="M:MediaTek86.view.SupprPers.InitializeComponent">
            <summary>
            Required method for Designer support - do not modify
            the contents of this method with the code editor.
            </summary>
        </member>
        <member name="F:MediaTek86.Main.components">
            <summary>
            Variable nécessaire au concepteur.
            </summary>
        </member>
        <member name="M:MediaTek86.Main.Dispose(System.Boolean)">
            <summary>
            Nettoyage des ressources utilisées.
            </summary>
            <param name="disposing">true si les ressources managées doivent être supprimées ; sinon, false.</param>
        </member>
        <member name="M:MediaTek86.Main.InitializeComponent">
            <summary>
            Méthode requise pour la prise en charge du concepteur - ne modifiez pas
            le contenu de cette méthode avec l'éditeur de code.
            </summary>
        </member>
        <member name="M:MediaTek86.Program.Main">
            <summary>
            Point d'entrée principal de l'application.
            </summary>
        </member>
        <member name="T:MediaTek86.Properties.Resources">
            <summary>
              Une classe de ressource fortement typée destinée, entre autres, à la consultation des chaînes localisées.
            </summary>
        </member>
        <member name="P:MediaTek86.Properties.Resources.ResourceManager">
            <summary>
              Retourne l'instance ResourceManager mise en cache utilisée par cette classe.
            </summary>
        </member>
        <member name="P:MediaTek86.Properties.Resources.Culture">
            <summary>
              Remplace la propriété CurrentUICulture du thread actuel pour toutes
              les recherches de ressources à l'aide de cette classe de ressource fortement typée.
            </summary>
        </member>
    </members>
</doc>
